Image Name,Folder,Additional Tags,Order ,Description (Swedish),Description (English)
DSC_0107.jpg,Dogs,,1,Swedish description placeholder,English description placeholder
DSC_0187.jpg,Dogs,,,Swedish description placeholder,English description placeholder
DSC_0528.jpg,Dogs,,,Swedish description placeholder,English description placeholder
DSC_0901.jpg,Dogs,,,Swedish description placeholder,English description placeholder
DSC_0909.jpg,Dogs,,,Swedish description placeholder,English description placeholder
DSC_1195.jpg,Dogs,,2,Swedish description placeholder,English description placeholder
DSC_3299.jpg,Dogs,,,Swedish description placeholder,English description placeholder
DSC_3315.jpg,Dogs,,,Swedish description placeholder,English description placeholder
DSC_6319.sv.jpg,Dogs,,,Swedish description placeholder,English description placeholder
DSC_6367.jpg,Dogs,,,Swedish description placeholder,English description placeholder
DSC_6447.jpg,Dogs,,3,Swedish description placeholder,English description placeholder
DSC_6972.jpg,Dogs,,,Swedish description placeholder,English description placeholder
DSC_7640.jpg,Dogs,,,Swedish description placeholder,English description placeholder
DSC_8189.jpg,Dogs,,,Swedish description placeholder,English description placeholder
DSC_9156.jpg,Dogs,,,Swedish description placeholder,English description placeholder
DSC_9573.jpg,Dogs,,,Swedish description placeholder,English description placeholder
IMG_0129.extra.jpg,Dogs,,,Swedish description placeholder,English description placeholder
IMG_0367.png,Dogs,,,Swedish description placeholder,English description placeholder
IMG_0615.jpg,Dogs,,,Swedish description placeholder,English description placeholder
IMG_3344.jpg,Dogs,,,Swedish description placeholder,English description placeholder
IMG_3725.jpg,Dogs,,,Swedish description placeholder,English description placeholder
IMG_4629.jpg,Dogs,,,Swedish description placeholder,English description placeholder
IMG_5351sv.png,Dogs,,,Swedish description placeholder,English description placeholder
IMG_5553sv.png,Dogs,,,Swedish description placeholder,English description placeholder
IMG_5811.png,Dogs,,,Swedish description placeholder,English description placeholder
IMG_5866.jpg,Dogs,,,Swedish description placeholder,English description placeholder
IMG_7050sv.png,Dogs,,,Swedish description placeholder,English description placeholder
IMG_8277.jpg,Dogs,,,Swedish description placeholder,English description placeholder
IMG_8315.jpg,Dogs,,,Swedish description placeholder,English description placeholder
IMG_8888.png,Dogs,,,Swedish description placeholder,English description placeholder
IMG_9954.png,Dogs,,,Swedish description placeholder,English description placeholder
DSC_3150.jpg,Cats,,4,Swedish description placeholder,English description placeholder
DSC_3193.jpg,Cats,,,Swedish description placeholder,English description placeholder
DSC_3369.jpg,Cats,,,Swedish description placeholder,English description placeholder
IMG_7486.png,Cats,,5,Swedish description placeholder,English description placeholder
IMG_7545.png,Cats,,,Swedish description placeholder,English description placeholder
IMG_6840.png,Farm Animals,,6,Swedish description placeholder,English description placeholder
IMG_6928.png,Farm Animals,,,Swedish description placeholder,English description placeholder
IMG_7038.png,Farm Animals,,,Swedish description placeholder,English description placeholder
IMG_7043.png,Farm Animals,,,Swedish description placeholder,English description placeholder
IMG_7079.png,Farm Animals,,7,Swedish description placeholder,English description placeholder
IMG_7087.png,Farm Animals,,,Swedish description placeholder,English description placeholder
IMG_7098.png,Farm Animals,,,Swedish description placeholder,English description placeholder
IMG_7135.png,Farm Animals,,,Swedish description placeholder,English description placeholder
IMG_7202.png,Farm Animals,,,Swedish description placeholder,English description placeholder
DSC_4716.jpg,Portraits,,,Swedish description placeholder,English description placeholder
DSC_4751.jpg,Portraits,,,Swedish description placeholder,English description placeholder
DSC_8059.jpg,Portraits,,,Swedish description placeholder,English description placeholder
DSC_8351.jpg,Portraits,,,Swedish description placeholder,English description placeholder
DSC_8625.jpg,Portraits,,,Swedish description placeholder,English description placeholder
DSC_8672.jpg,Portraits,,,Swedish description placeholder,English description placeholder
DSC_8822sv.jpg,Portraits,,,Swedish description placeholder,English description placeholder
DSC_8872.jpg,Portraits,,,Swedish description placeholder,English description placeholder
IMG_1746.png,Portraits,,,Swedish description placeholder,English description placeholder
IMG_1890.png,Portraits,,,Swedish description placeholder,English description placeholder
IMG_1958.png,Portraits,,,Swedish description placeholder,English description placeholder
DSC_6633.jpg,Details,,,Swedish description placeholder,English description placeholder
DSC_6838.jpg,Details,,,Swedish description placeholder,English description placeholder
DSC_6939.jpg,Details,,,Swedish description placeholder,English description placeholder